{
  "controller/Home.controller.js.map": 1726932871228,
  "controller/App.controller.js": 1726932783775,
  "controller/Home.controller.js": 1726932783775,
  "model/models.js": 1726932783775,
  "manifest.json": 1726932871114,
  "Component.js": 1726932783775,
  "controller/App-dbg.controller.js": 1726932783775,
  "controller/App.controller.js.map": 1726932871222,
  "controller/Home-dbg.controller.js": 1726932783775,
  "i18n/i18n.properties": 1726932783775,
  "model/models-dbg.js": 1726932783775,
  "model/models.js.map": 1726932871224,
  "Component-dbg.js": 1726932783775,
  "Component.js.map": 1726932871224,
  "Component-preload.js": 1726932871292,
  "Component-preload.js.map": 1726932871292,
  "view/Home.view.xml": 1726932783775,
  "view/App.view.xml": 1726932783775,
  "css/style.css": 1726932783775,
  "index.html": 1726932783775
}